Method,Trial,TDR_Percent,FPR_Percent,MTTD_Seconds,MTTR_Seconds,CSR_Percent
Rule_Based,1,78.01181934084414,12.61354819983424,44.86605241529701,133.41586980079092,71.78102929054278
Rule_Based,2,75.30529317131808,12.866159172033857,44.3979875645085,126.06433052683843,72.38971196675213
Rule_Based,3,78.76459547381344,13.28177934329957,47.16990952039601,128.68405741955064,70.25419599413794
Rule_Based,4,76.27067526502456,12.8231710976056,49.13324248161215,128.13325491122706,71.83419176557304
Rule_Based,5,79.36355244080174,11.97322735099566,44.26316804856632,131.7229002607482,74.2835109634486
Rule_Based,6,77.81874065468972,12.888299929343955,45.94464034798525,134.05861446962913,69.31694446437956
Rule_Based,7,79.43650137517076,11.94273980413743,37.340163733343445,122.94487417440398,69.810474884135
Rule_Based,8,80.05202448611281,13.032132949806448,41.54277577611292,134.578891386784,69.59449293939412
Rule_Based,9,78.12751230732744,12.553050111021733,45.543259572382766,134.34909049235014,73.6960344769811
Rule_Based,10,78.99977020373842,13.024974048903148,46.63547611295036,122.7841162782432,70.30657226545856
Rule_Based,11,77.36006345172797,12.94966320023839,44.44965328700785,146.48603377984438,70.05176864453377
Rule_Based,12,76.10225080019568,13.084236757734848,49.4655499440304,131.84554152671407,74.18954336491917
Rule_Based,13,81.15268995488432,12.652986261991847,40.93112320058307,123.54338761345029,74.48223939329144
Rule_Based,14,75.41264318784341,12.71676566039363,45.959712078026186,125.27526268149063,73.90907996592024
Rule_Based,15,79.46155948305314,13.860704258450365,47.05990330331941,122.9247723308555,70.69550601916492
Rule_Based,16,76.63683779751598,13.17613677990791,43.4995014955589,127.23791381039521,73.97325654822419
Rule_Based,17,76.85307401869719,12.55317101819114,39.67614120318825,119.14017104769029,70.68065896952037
Rule_Based,18,79.13152197703334,13.296746636221648,45.144599560508865,129.8909142335984,72.51992342136808
Rule_Based,19,80.4694822269072,13.146677599369102,46.02107994622263,119.7124455724375,74.35846328586148
Rule_Based,20,79.0620942559115,13.313470774857109,45.110280221956366,143.42480739587077,71.20280914919543
Rule_Based,21,81.48612082852608,12.757559486303617,43.651192972263495,118.77241701766083,71.7224236211529
Rule_Based,22,81.14664205233437,13.108187248307363,47.26665159279801,108.79301941527041,73.8774105114251
Rule_Based,23,79.41170482183968,12.425036857797336,43.317846901458815,127.78151638549134,76.41219065787182
Rule_Based,24,76.18979860115535,12.486097482631857,49.28535425105176,124.230793604578,71.18937131034764
Rule_Based,25,78.49555269457736,12.079355311682152,45.85983629045004,118.12305922421092,74.31299577589536
Rule_Based,26,78.30636164551598,13.841715733423875,46.04252154059311,138.72551592346198,68.84184007070658
Rule_Based,27,78.05572131295627,12.86157282700705,50.43716275511315,114.35267249583228,74.57654919952205
Rule_Based,28,79.48270802763183,13.466773097869064,47.33715655423617,128.2165694808316,70.7958758739546
Rule_Based,29,75.80364056431456,12.797711382451485,44.62490969301407,143.96213870463714,70.57243793003788
Rule_Based,30,78.94078369041023,11.915499290162135,44.013612265021465,129.8891830407288,74.15990003129876
Rule_Based,31,81.1962033736562,12.677925911835365,41.848265362817344,131.4628031959323,73.39246774603448
Rule_Based,32,79.28331668567654,12.349856150412633,48.600153192760665,128.50316728723612,73.84956155428996
Rule_Based,33,80.84814648018889,13.004636160282924,46.059548083945316,145.0223618808042,72.70925760243037
Rule_Based,34,77.70807153445584,12.755983518791513,49.64830600531141,128.7496998950944,73.39844413784803
Rule_Based,35,80.69146288066432,12.443570694886585,40.020290692239065,130.1953852177315,72.67433698630991
Rule_Based,36,77.08397964287836,13.135543190521208,47.02270213095371,119.84006062720466,73.395546110053
Rule_Based,37,77.90779008219485,11.958487364896358,46.55885069919791,127.43828298656487,70.23679275202532
Rule_Based,38,79.34589117379349,12.94404663609619,43.46738844816711,131.00281752427742,74.6376623404811
Rule_Based,39,76.8746667286286,12.890445013700795,45.20826725144392,145.92808248520709,67.44424257305452
Rule_Based,40,79.69056786281293,12.546877490109392,44.899407353510504,143.01271181106614,72.07856712184801
Rule_Based,41,82.78188740755114,12.478926017293226,46.25153612404433,123.87321998660086,70.37327996845528
Rule_Based,42,78.42496625290306,12.558714237325448,45.80747475195928,110.95977705820668,77.106169221524
Rule_Based,43,77.96600618243744,13.571452753116995,42.17866362168057,130.14028563779414,80.0123552536922
Rule_Based,44,76.56054163378742,11.952350113445867,43.560471393990085,131.57990741858083,73.83335010015324
Rule_Based,45,80.88073337604285,12.571493800803342,40.393247721499094,124.31976156419931,75.20055673700439
Rule_Based,46,79.23132530634258,11.721530607312497,45.09484546493553,138.98534473057703,77.41637034237608
Rule_Based,47,79.42337327756955,12.85465115639975,41.479382996042816,121.05405700825996,72.21728964376541
Rule_Based,48,79.30639548162705,12.990092095559882,43.765374334597595,118.58446217261188,70.15554539725021
Rule_Based,49,75.98605121148047,13.021704591381996,38.26315668186302,125.13377579512405,73.22469583025303
Rule_Based,50,81.34402544932988,12.735649837525486,48.20385181854233,124.60796742575126,70.23899003366977
Rule_Based,51,76.95121392312507,13.463667890950916,48.18266343169324,131.69918341170091,80.42567215890442
Rule_Based,52,78.2353172549477,13.0101748255144,46.122774657675535,126.02491447900672,77.89042836942879
Rule_Based,53,81.31320960607422,12.000260182689722,44.000461033144354,131.2266923069463,74.05795803760512
Rule_Based,54,75.60310586037323,11.572219206489098,39.480899093714655,127.23110829327024,71.8419920524008
Rule_Based,55,78.99043875222902,12.31516261106047,41.527286972281814,111.6156395393652,72.92296839686858
Rule_Based,56,79.04010791697554,13.196496835177856,47.5723870639377,126.27427535250446,75.47315240688371
Rule_Based,57,78.0272661769469,12.369581806840962,43.6382646700893,123.12150684235685,66.68565820124914
Rule_Based,58,78.61265210597153,12.824942795881082,44.11320256735371,122.08926823930868,73.02950956088819
Rule_Based,59,81.73374117509537,12.71912757625249,43.67709917837088,123.06842238061655,71.92560890463709
Rule_Based,60,75.77046885791711,12.63736965590096,45.383546793010346,142.5574295021295,74.45868441028342
Rule_Based,61,80.36805847129976,12.343525729450379,47.20976462970873,118.68494020360066,72.87990174172717
Rule_Based,62,79.13747452083771,12.316795291968882,51.19813941548447,132.3389893020053,67.34317924276372
Rule_Based,63,79.40571977319162,12.496294090554995,45.20412864744891,131.52611832731347,73.07633166827885
Rule_Based,64,74.22169731393076,12.120840128193207,47.51787247572378,138.20963399383433,76.85788221665625
Rule_Based,65,81.90633647730621,11.67223169768476,47.50844636280935,112.46967839107917,76.13400182135499
Rule_Based,66,78.80669880564409,12.129415606011479,51.22970284127342,132.95176696232696,67.37212777762132
Rule_Based,67,78.88693623492124,12.33443004616731,45.533886439910724,124.07844308355709,75.53373471567163
Rule_Based,68,75.45342722363284,12.858702584130707,50.64256502179993,121.18431760823782,72.62662169014554
Rule_Based,69,78.70400328190016,12.355148905560705,47.14368086829576,128.57640225447918,69.74058123804218
Rule_Based,70,81.82403220979769,13.095807498294901,44.69867916493241,122.7066018604523,70.13909344447367
Rule_Based,71,80.7618819451211,12.626760882729725,46.57831461159427,126.32434639285651,73.64102367454339
Rule_Based,72,78.06804173974822,13.081926936238533,44.65036727053542,134.4366983769482,73.78096027337409
Rule_Based,73,78.06678039867764,12.270111379786705,42.379640028368584,121.87410543887384,69.63878089178797
Rule_Based,74,80.0315928425081,12.676698843744798,49.91030293271759,146.0346386216411,72.16055617768059
Rule_Based,75,75.20396559531325,12.509273234229859,44.97395474925067,115.89246123877759,71.47376680674236
Rule_Based,76,78.87389261828376,12.470286076901312,42.89472223126143,121.72994592349752,76.56670932589853
Rule_Based,77,77.98070783940462,12.285034942658218,44.08130482791463,135.43474966436295,70.3882798898936
Rule_Based,78,79.26369461866365,13.06394247444985,47.44735349660293,138.9975573695732,70.72379505090898
Rule_Based,79,80.56546572436399,12.303573200094315,44.01038036900233,137.3686973844829,74.15593850777793
Rule_Based,80,78.30419510119681,12.104293086985061,46.88497948127998,122.75701840413416,69.79028792947521
Rule_Based,81,77.0037314911428,12.823247019950221,38.83690368370547,130.6861052256959,72.53477404927486
Rule_Based,82,77.13094719512598,13.218463646725176,47.03432127107828,122.94972683627878,70.42495844557268
Rule_Based,83,79.69030295092385,11.941963220291962,44.20213271073767,122.7516277802026,72.2746937116349
Rule_Based,84,78.72225304478152,12.718393957482139,48.60454422865825,129.62450427705605,71.31251937195695
Rule_Based,85,75.87829018488483,13.060924898428864,46.78443963755507,139.406476359174,70.23136291637047
Rule_Based,86,78.35283608017137,12.67065365120303,44.93716742225131,127.8831216906169,67.81365127429633
Rule_Based,87,79.9499710680513,13.026602935665982,48.59142020257645,145.79659493195481,71.30258201591057
Rule_Based,88,78.22771364713738,12.704891782561669,51.02655635212537,113.95024221812054,73.3144199255185
Rule_Based,89,75.35833726510312,11.409214608938406,39.13750162553619,116.74585155433302,74.77256359855174
Rule_Based,90,76.56327917406846,12.58627117035929,41.70946171946032,132.68760382579796,69.34509618874796
Rule_Based,91,80.93530435201032,12.20344729286636,42.90551768606413,128.78192836321944,72.16177805206965
Rule_Based,92,81.14938017750576,12.760203644046584,41.57649713491738,123.31731780722947,70.6680401415804
Rule_Based,93,79.75008444226248,12.891896504406104,44.84182693096359,134.7568577600271,70.77875895705432
Rule_Based,94,78.0275325033758,12.790380202166643,49.78454384829434,127.01173455741126,71.22300272796316
Rule_Based,95,76.20832592457542,13.043026091658229,43.43706387725888,130.5494801429432,67.34597527402572
Rule_Based,96,80.38637391763002,12.034031116005698,42.86797290927375,136.2686490788211,68.76382316006404
Rule_Based,97,78.14108992925352,12.737128040540243,42.204329560001476,138.5434640123998,75.84694575581103
Rule_Based,98,74.3567649928101,11.975504851300746,47.624696607479024,117.37580691706148,71.12840661608244
Rule_Based,99,78.55910417666766,13.04592504115668,44.53024221676607,128.5617673584163,70.1581677066238
Rule_Based,100,80.88472319686778,12.452343071549107,46.21919866272801,123.70689530733412,72.36580872683608
Single_Agent_PPO,1,84.86367379120007,8.318767914217448,20.65865742536851,95.6713023539043,83.13510604184565
Single_Agent_PPO,2,85.68629619555887,8.766167636873858,26.214203642155738,96.72388624792544,80.35839187839778
Single_Agent_PPO,3,85.62451455996481,8.832003636010395,23.90649697680835,81.50865284988038,79.65962088613982
Single_Agent_PPO,4,81.42316921692112,8.397049880622452,24.940117008892496,99.18784621051162,79.97819319349273
Single_Agent_PPO,5,87.05627964236311,8.399731242904297,20.62957096185957,78.00896225824565,77.17566405465679
Single_Agent_PPO,6,82.4677045627064,8.71685390525963,23.077155942905105,93.86251912012253,79.7835785745787
Single_Agent_PPO,7,87.28809908944427,8.93009639544442,21.763985976668543,87.10547231243919,78.26792853306345
Single_Agent_PPO,8,81.95737584851813,8.737608572700436,27.26638436458082,89.24857286980642,78.36701945387749
Single_Agent_PPO,9,87.38181005777912,7.227518855492255,24.232425587806123,90.44627179280234,78.17285736368632
Single_Agent_PPO,10,87.98314906151876,8.885367709527246,22.91652825690613,88.60643207958532,78.62994009112823
Single_Agent_PPO,11,84.1757601826914,7.7459000365680675,27.839845361089157,97.52400120232562,81.59541582784863
Single_Agent_PPO,12,83.01132816044785,9.440422582316668,29.640495796671793,90.80445735201029,77.33944836965006
Single_Agent_PPO,13,83.46713983291167,8.609274315544244,20.96095757916728,89.02631292594621,82.3216117744669
Single_Agent_PPO,14,82.18635251263373,9.402864347797863,28.400125226988738,79.40331320290032,76.06589676438239
Single_Agent_PPO,15,84.63315629288107,7.884428399849818,22.90883751926843,68.65051227673263,79.02824486199505
Single_Agent_PPO,16,88.80571294315764,7.841702649631186,22.88079348951183,77.38312639247296,81.19559381310492
Single_Agent_PPO,17,84.7493616215057,9.370366529829617,24.3205183303182,86.32256025409065,80.97568123938946
Single_Agent_PPO,18,84.18754408162381,7.7303459110903745,24.60584330936582,87.90104961433197,80.01578762584715
Single_Agent_PPO,19,85.95091466512014,8.144840164202773,24.96472911747736,103.2015725851457,76.83050117568708
Single_Agent_PPO,20,88.67485101446823,8.278598374505194,21.40012006245195,108.71776456921432,79.98755408281312
Single_Agent_PPO,21,87.94080600918237,8.808797120458934,18.658215524880823,90.26655678922015,78.28670060082334
Single_Agent_PPO,22,82.5164148100082,7.514144316840113,24.006870731171656,94.02202408639256,80.57667046309048
Single_Agent_PPO,23,84.58834288967769,8.000741510195917,20.739416455148778,84.85871524432439,77.01736199219816
Single_Agent_PPO,24,84.79345069740026,8.388556458015632,21.012035505168118,87.4435989245599,77.69919990377899
Single_Agent_PPO,25,85.1910551894959,8.653543853977364,24.23437570184628,93.07720699592821,75.46996355598031
Single_Agent_PPO,26,84.44260700284299,8.538369688365396,25.623487378773998,76.51597309807914,79.997945634545
Single_Agent_PPO,27,87.61284129706327,8.31069465209391,23.415725665569795,92.9036550562081,80.21779545989364
Single_Agent_PPO,28,86.54927470051709,8.436206932042454,24.15748821105816,83.04044450287174,79.17390534659474
Single_Agent_PPO,29,87.70624407453731,8.297915122170348,23.19430716155611,85.36797302464392,81.56796470610178
Single_Agent_PPO,30,83.49064184467444,8.855251097526025,20.889079817218605,80.83775099885369,80.11484865523526
Single_Agent_PPO,31,85.46035893920362,8.548778651506954,26.8876113626682,86.00003227839748,80.70748398223486
Single_Agent_PPO,32,83.38036546930162,9.02958451484944,25.59737599926004,93.5921501228259,80.06969622827445
Single_Agent_PPO,33,83.62880111172187,8.236314219166307,25.205338385475045,89.14652704371085,79.90936165617897
Single_Agent_PPO,34,82.48036098639659,8.490546989938125,21.624217829577294,80.63330756998181,79.21328652620113
Single_Agent_PPO,35,81.48699149477477,8.749284995203048,26.256038693073734,88.87251120602629,77.11554456362023
Single_Agent_PPO,36,83.3092623591722,8.324438473265882,16.428798806491343,90.74381426459486,81.26108005995019
Single_Agent_PPO,37,84.57621030296828,8.152798815295201,24.245901775705985,92.10515253631915,82.33537937966474
Single_Agent_PPO,38,85.2367933584263,8.055121174233077,22.316204862082948,90.75556593488068,83.49050093749231
Single_Agent_PPO,39,84.55945339042461,7.873736670299335,21.0896801396019,72.52932315021476,80.4244849942026
Single_Agent_PPO,40,82.4773514214356,7.783245236193711,17.77195615753589,80.3560929633358,81.02103619234454
Single_Agent_PPO,41,82.57729176674951,7.525178831631985,24.2347894019096,86.57062968851189,80.68047503380069
Single_Agent_PPO,42,86.68111960981568,8.395750534733443,19.806717520854516,88.30960031018348,80.85064870037495
Single_Agent_PPO,43,84.03402208587761,7.681269376143553,27.007836182626455,85.978018854524,78.57692496896304
Single_Agent_PPO,44,85.23192448346241,8.915236178754625,24.49085925586987,86.63419210914358,81.30533336316435
Single_Agent_PPO,45,89.49404898561512,9.093893129052756,25.71861426203396,80.32175616114348,88.98014685766333
Single_Agent_PPO,46,82.80268576265617,8.21409854824044,21.600332417314288,102.31513489218447,80.65060018868951
Single_Agent_PPO,47,82.34575007429284,8.533793588630614,25.340717003546814,86.7521358115303,76.54952552671367
Single_Agent_PPO,48,83.74993316407698,8.1815754904378,23.768194586820123,85.14072040242607,81.43805101061112
Single_Agent_PPO,49,83.30010500389432,7.53430656574543,21.48181966839228,100.0911251710516,78.16710923212328
Single_Agent_PPO,50,89.88161777558246,8.64574211719243,20.206721807267023,82.62571042573472,80.20843117848453
Single_Agent_PPO,51,82.84471215543044,9.587289326515801,20.727327657320338,94.74754764760546,83.25032472565036
Single_Agent_PPO,52,84.98159918599066,7.902069437309246,22.88080097317615,92.19773117973925,81.7893802321538
Single_Agent_PPO,53,85.3134338719925,7.699888787009573,23.826971719829118,83.91313462758004,74.14191040643647
Single_Agent_PPO,54,83.80487962367243,7.683774662606038,25.460563221805536,104.85331803232863,84.24688414190099
Single_Agent_PPO,55,84.05358251110242,8.166302814888365,25.766345997971506,97.7902848965829,78.55315353360078
Single_Agent_PPO,56,84.91472812345685,9.503464674576447,23.37764544333834,85.41742846167082,79.89978495968738
Single_Agent_PPO,57,86.35940472425972,7.88917907139071,22.954791582989333,79.9691150502521,78.90434111624856
Single_Agent_PPO,58,88.9538490575602,8.770861089333945,23.42237024784402,81.83510379530904,78.82148010130209
Single_Agent_PPO,59,87.30146665549042,8.119156594849667,28.051261972560386,78.31090915790534,78.87488426678698
Single_Agent_PPO,60,88.68552866656844,7.39608061547316,27.26523947204946,74.48898340287654,79.37480038233502
Single_Agent_PPO,61,84.85493052317784,8.812146745355877,14.236370561626853,73.95752149718962,78.18495926591554
Single_Agent_PPO,62,85.27379008055198,7.953391572770443,23.03739907034047,79.81061466551567,78.59681758182052
Single_Agent_PPO,63,83.50646770261964,8.52201065050687,25.444259550728056,100.76344050245642,77.95895363695934
Single_Agent_PPO,64,84.56401635349535,8.423872713721186,22.81524219872764,88.8840756231853,75.69455317742946
Single_Agent_PPO,65,85.94350964714036,7.942404219849381,20.829115296010198,76.59499036878279,82.5025040766535
Single_Agent_PPO,66,84.91878179740559,8.97474599119,24.516905045544444,75.67311258963267,76.89075892276283
Single_Agent_PPO,67,86.71586394788122,8.01715864290448,20.428967853375052,87.86496697382168,79.15758209310935
Single_Agent_PPO,68,83.17626520181341,8.23692737219327,22.264521979991088,68.58008290032852,80.85665881738267
Single_Agent_PPO,69,83.57725006729315,9.052219712379289,20.249627294221643,76.66321296222912,82.5690598599667
Single_Agent_PPO,70,82.02988976840733,8.081912865310418,25.492010155457635,86.66283119956147,75.46132007772691
Single_Agent_PPO,71,85.57607046922327,8.302838544414378,27.551565192203135,94.00918323208265,87.18928574527888
Single_Agent_PPO,72,81.90821192804106,8.389162623352604,20.500036526898647,98.53800400665608,81.6545949443837
Single_Agent_PPO,73,86.70807565310213,8.011334021707308,21.46454527384931,73.06256089869198,83.87375035477214
Single_Agent_PPO,74,86.21643858859265,8.269570024740206,26.500546030617,95.30732429307487,82.03816048684368
Single_Agent_PPO,75,81.952925110827,8.04308202850163,24.286325943202637,92.14336916168055,81.99308715862337
Single_Agent_PPO,76,83.18272889949094,8.463604567888888,30.31606137592963,94.8353758208863,81.77640721026866
Single_Agent_PPO,77,85.16162545946607,8.783813506509734,29.111969360093216,90.15313589811468,82.65994601206835
Single_Agent_PPO,78,83.44972124333714,8.695049383315416,26.412650025590892,83.28397296593444,82.34531049637224
Single_Agent_PPO,79,83.84950680793384,7.997380371230089,23.696422946684613,104.75591794381256,80.37288238268201
Single_Agent_PPO,80,87.07156956410893,8.03410113934495,23.932492367228395,79.88754904010331,78.1722340666522
Single_Agent_PPO,81,86.8712813375844,8.380801347044455,28.05388902643209,87.68066847031456,79.10516018131888
Single_Agent_PPO,82,87.75336309546708,8.07569174719341,19.140706182479462,99.71021536630833,80.6354696898572
Single_Agent_PPO,83,80.86961010484356,8.422264660684593,22.488639002450046,103.25871728095422,77.77752146695406
Single_Agent_PPO,84,84.03846388855291,7.944799588263235,20.53783174002018,83.6960326344962,76.01018881378467
Single_Agent_PPO,85,83.13760523745579,7.596707381676121,19.208163842649743,76.82259974986049,78.2971026643484
Single_Agent_PPO,86,83.83262290882452,7.786764801179128,25.134812625058615,88.91539294744321,78.52006011872803
Single_Agent_PPO,87,84.27205344187979,9.19643978079792,24.419442323632506,93.10302661595733,73.13490014030903
Single_Agent_PPO,88,83.89253102119095,7.314496607997063,22.421387018452464,92.28648117074339,77.9142555822564
Single_Agent_PPO,89,86.23721766048473,7.888625012472316,25.42740944264265,76.87112535492972,78.94577937172926
Single_Agent_PPO,90,86.03961439604768,8.667960394108716,23.31820991132695,104.81771415704439,78.56395040754448
Single_Agent_PPO,91,84.29800851506135,7.020246267169348,29.006801473350123,86.34801367059704,76.65996126070765
Single_Agent_PPO,92,87.84180889411098,9.017753061737832,24.024976873698183,77.82062745097016,80.64744012732116
Single_Agent_PPO,93,83.95721602311403,7.814614102317872,26.830117101430556,72.23926330891031,81.01790814341764
Single_Agent_PPO,94,86.11871019314033,9.425505401561338,24.675521495489782,72.83254807069011,77.50969753107317
Single_Agent_PPO,95,85.32933384261119,8.577781821804892,26.642448229031153,73.62259390336753,78.77512578199985
Single_Agent_PPO,96,87.13972189220507,9.171984897771232,29.283071469937884,86.17824658108412,82.34401314151604
Single_Agent_PPO,97,88.62342468481759,8.999034761696405,25.871055786096072,95.92237542247216,77.62528922099595
Single_Agent_PPO,98,82.3055004579711,8.89142396432001,22.658799574851606,89.07493135425277,78.15319987021405
Single_Agent_PPO,99,84.41418631630064,8.516374697342943,20.634421877425083,89.8480000953342,80.21513718807269
Single_Agent_PPO,100,85.04528915842253,8.028185096172798,26.05985956055506,104.28109571194639,78.09689260048394
Independent_Learning,1,85.16892570125594,10.244632029639712,20.140244845847985,89.61044720042864,75.2103992385368
Independent_Learning,2,84.2635431015623,9.894243940518745,29.523194268408524,100.7902309429701,74.55270821289416
Independent_Learning,3,81.20690009699796,9.188555518643346,27.589188201779102,94.74717434670491,77.2280133174991
Independent_Learning,4,81.2453847478164,10.253262299071531,30.851332447825612,108.0721504693448,78.57826973849255
Independent_Learning,5,83.07102247693864,10.136211986426327,29.929255367759595,90.48548080075567,80.02346335427922
Independent_Learning,6,86.13703630432973,10.788476590204924,28.205677127139236,98.29416354638484,77.84089722630372
Independent_Learning,7,82.69490887359882,10.109644383106895,27.73646044757827,94.14973277001486,81.19745542246658
Independent_Learning,8,83.02943087980377,9.833505100538678,30.746057831097367,96.90266369959451,77.52905564302316
Independent_Learning,9,82.57287164704199,9.189791753922352,28.007084852668136,86.60492190468044,77.32537806422711
Independent_Learning,10,80.33712357360119,10.258354565774964,30.34770429679651,97.94342601802894,76.54966530577647
Independent_Learning,11,83.53260255906999,8.817500831370925,24.809540309904996,94.5101338950884,77.66314858385641
Independent_Learning,12,82.5412084555943,9.29769493080786,28.500338103863278,92.07039662024899,74.12850739150718
Independent_Learning,13,83.35900403016778,9.69501089681449,31.689449527089355,101.02425653563468,78.63667833461616
Independent_Learning,14,83.34333324701213,9.377411011386172,25.293118573614954,83.93073521847123,83.99753124390901
Independent_Learning,15,80.54111042169461,9.695084082772263,27.018832503689836,93.45121902857542,75.33987373413393
Independent_Learning,16,78.96331030145868,9.300903131253405,23.92799140931824,94.68576327205139,75.0895014866205
Independent_Learning,17,81.32563948221281,9.907939622824198,26.351644763425234,103.15675309337452,75.83455053422763
Independent_Learning,18,83.15031345644802,9.13735164095366,30.070619062705816,92.45853285824582,77.8218952082257
Independent_Learning,19,83.36001033556227,9.713278422127033,28.75231734888478,92.6176285123777,80.16527437585313
Independent_Learning,20,84.56857770936871,10.041247130399375,24.55957875483997,86.90555475535365,75.14034607654575
Independent_Learning,21,82.2099949128914,10.02400783449467,25.410386454064085,105.11659257074857,76.80898706510214
Independent_Learning,22,78.6744364505972,9.562341443470373,20.34444414655468,89.68617034485395,75.42718037636749
Independent_Learning,23,81.47917973086022,9.63737322887133,26.91769455535344,90.95012517118951,80.55624228011708
Independent_Learning,24,85.12980449526488,9.229079671605081,31.86169969554022,82.7290601449555,74.7634695757073
Independent_Learning,25,85.75038549180397,8.68022333095802,29.82435698879886,85.67204706752213,76.43999968799272
Independent_Learning,26,82.33959357859422,10.648602105852397,25.66818967554926,95.14787853402636,78.36754953896302
Independent_Learning,27,82.19644501707353,9.38896633661728,27.92240066044394,96.44809188686055,79.0101385847726
Independent_Learning,28,80.81389530879305,9.575434743255975,29.068828068572763,94.36266050130102,76.33679942254639
Independent_Learning,29,82.66599379335172,9.452080255881555,25.70092879510191,99.2258414288757,74.06224976802089
Independent_Learning,30,85.03076770241515,9.908652456598295,24.27037672529413,97.96421596572209,77.2181964977141
Independent_Learning,31,84.22432276756793,10.379424785922502,27.000742653006053,90.03789833834807,75.28504614028101
Independent_Learning,32,80.73782314239817,9.426779216584436,28.953507312834027,95.82212650255066,75.5716074819177
Independent_Learning,33,81.22348837843518,9.973943134755743,26.595202961834428,87.37874605781536,76.42081285598464
Independent_Learning,34,82.17101280381009,9.264979353451658,30.58152906878423,102.4680994388375,76.9022342112763
Independent_Learning,35,82.9620807378181,10.06365404987329,28.007232583209237,102.8303379571413,80.94002121174871
Independent_Learning,36,82.86098608505228,10.020126711988482,30.720355003884087,92.99565754561053,73.97923870702029
Independent_Learning,37,84.51200163069238,9.01561782162687,33.46651007006621,102.66346742705689,77.26922792377582
Independent_Learning,38,82.80219186781699,10.67567897405647,25.26132212967888,86.418452317411,75.30466018821964
Independent_Learning,39,82.17640503185956,9.296765379802236,28.561583220712873,96.78755957874199,74.76535713003045
Independent_Learning,40,85.90610530488713,9.103963030061,24.269831424034066,98.70896025366761,76.28129278938839
Independent_Learning,41,83.53545370984155,9.490514689531121,24.999980665947472,90.53565220994653,75.09101173240998
Independent_Learning,42,83.74999201666914,9.560020823013092,30.384291132473543,100.40460276643952,79.40149083075116
Independent_Learning,43,84.50143805765042,10.192176411978624,30.4095589070296,91.5664618438062,76.14528964564929
Independent_Learning,44,79.03974572828113,9.9458752809463,26.078702259529894,98.91236371480433,78.11871019645152
Independent_Learning,45,79.99581259080935,9.293080317003225,27.051960992747595,91.55919475494446,77.21755046033877
Independent_Learning,46,80.3891524667752,9.823589166077637,23.03454337455803,78.45911712403878,78.59165909898894
Independent_Learning,47,80.08937302176787,9.520041146199839,23.847911189448357,84.42903367944939,75.8028586007601
Independent_Learning,48,81.87974325343505,10.291293566218993,29.44853603274178,93.61105170135231,78.69420882665155
Independent_Learning,49,84.93310843601414,10.005648990938317,26.881051586523302,103.84882701294863,81.22130406526523
Independent_Learning,50,84.02106863742345,10.685338295200372,30.879796749991208,102.49086866502842,74.07453378770573
Independent_Learning,51,80.47290130805649,9.775258257667497,23.091626918289155,90.9563694960762,78.9683434855031
Independent_Learning,52,81.36968916396044,10.06659550932789,24.046247310320382,91.7508718625111,79.3586010735433
Independent_Learning,53,83.1170248737706,9.945141263588924,33.21417149478388,106.07442801990358,74.60785774200568
Independent_Learning,54,85.33579723300727,9.49237793867657,28.04723050184041,95.82170467575054,79.48260061718378
Independent_Learning,55,80.44146672313452,10.025930442021044,29.672044638739017,102.19210618270317,76.27403550668294
Independent_Learning,56,84.70682446674216,9.444228007023627,31.54117624030492,98.51792134408186,73.29979275196807
Independent_Learning,57,83.51584067668303,9.889652296889013,27.033030966642144,89.80997115174783,76.1995176079424
Independent_Learning,58,79.81568597361141,10.645359732042063,24.715163584795885,90.40973516794637,79.66224762014643
Independent_Learning,59,83.87006169121118,10.16012268566113,32.65012535360019,93.20285811461065,74.18376268990298
Independent_Learning,60,84.38853593848158,10.198139145117857,27.11933173596585,85.57536061331496,79.8978763789473
Independent_Learning,61,83.85169477633102,9.113263039158108,30.439861449578647,84.17218075934097,75.593423896699
Independent_Learning,62,80.45338109861886,9.481084713855521,25.600066985072523,90.793513497281,78.61065990511754
Independent_Learning,63,83.28918193411415,10.114365801022332,31.377026370628826,92.71837996333888,76.99973670813547
Independent_Learning,64,83.77630599567529,10.653369286299423,30.79723476014611,106.75240924336335,79.34741181114681
Independent_Learning,65,84.8145308349468,8.907664917040526,30.74257758267038,97.40339877375038,76.9355359359884
Independent_Learning,66,81.64548972336947,9.587362960859679,29.348542216481096,102.41980610862804,73.05553598766708
Independent_Learning,67,83.13620764131879,9.519656610676353,25.247591701035685,98.84097820222576,75.97820542026207
Independent_Learning,68,81.38192663865154,9.415417481792424,28.943896545972557,95.61969380598829,74.07089905760313
Independent_Learning,69,81.01800474048808,9.70874676017809,29.31544343039063,87.30228395123805,78.02026648232358
Independent_Learning,70,81.05199455077425,11.163872299349618,25.27699141359012,89.37899567769898,77.28500843713412
Independent_Learning,71,80.89523806567512,10.213815615302108,33.50424904027034,92.59904156712327,77.2319276030361
Independent_Learning,72,81.66448066743303,9.79998555450924,32.39520325550916,102.85396958165357,74.53943766624029
Independent_Learning,73,85.79180873043141,10.381030664499908,29.55910495620228,90.42626066944572,76.96426884933891
Independent_Learning,74,81.10906811825754,10.033802884835975,27.15058670502875,77.82030376975624,79.11550764069342
Independent_Learning,75,83.08290607536597,10.339241534567048,27.691460800561256,97.20773295131605,79.58831536121676
Independent_Learning,76,83.47559414285747,9.944000865108912,37.743172915727705,94.3479984734324,77.22296437444604
Independent_Learning,77,86.16805740234747,9.397496149235753,24.977008095544313,84.24347359533996,78.13415614836335
Independent_Learning,78,83.95126148949386,10.17074382327746,24.039319759859893,103.74687327585511,79.79316470348354
Independent_Learning,79,82.50537735068464,9.816283232978021,30.126787334786613,98.637148001144,78.40492416260828
Independent_Learning,80,80.52782788406995,9.712688807136796,24.462579920783817,100.75021561644998,78.12554115569178
Independent_Learning,81,82.50237001838391,9.948399614705167,23.430450925607094,102.56340211509713,75.63182232519532
Independent_Learning,82,82.95810202683145,10.357684859489293,25.830498175175435,105.27786814545017,77.11018827377991
Independent_Learning,83,82.75638031103576,10.078022784181544,24.358923252599652,100.4528494204887,76.95377364676312
Independent_Learning,84,84.77255392520988,9.691596484352345,27.010047659653996,98.65710522125384,76.65158051868958
Independent_Learning,85,80.3520626508775,9.703021135114442,31.902890059562573,94.95517019306646,74.62385009808067
Independent_Learning,86,84.13187401043396,8.87327816486276,21.7391982481236,95.66679763061458,77.25231307716078
Independent_Learning,87,83.14079842325269,9.353608554404214,27.64850113959444,84.5101339852546,77.34890577670237
Independent_Learning,88,79.46936229084044,9.725378629160398,28.884737933398913,81.64699440460909,75.49374268622266
Independent_Learning,89,84.27629249283015,10.57448394179532,23.588119135245137,98.41934766745241,73.71012656321138
Independent_Learning,90,80.00948399618326,10.598036915532179,30.104546707549208,89.26644562136919,77.34756917207476
Independent_Learning,91,83.98389267252765,9.89064632819592,34.84183623109832,100.54623312910708,69.31754594892789
Independent_Learning,92,82.11960047486582,9.431711891053842,27.48755966658079,95.80772717039301,75.1721426850791
Independent_Learning,93,80.530164788008,10.481702745471354,29.892025981845702,90.33408519789867,78.4991241335851
Independent_Learning,94,84.05036113301446,10.433653730573177,24.934060020274423,101.93905303483781,75.28052913873238
Independent_Learning,95,85.01008914271831,9.703775422651978,21.284662302079695,95.9828317894923,72.33959369495832
Independent_Learning,96,82.26570114811184,9.770904184897427,26.89608495256971,83.80464091761156,74.0106777319533
Independent_Learning,97,81.01081880133503,9.675945694488773,31.965499339739694,101.37268344299399,75.619511916276
Independent_Learning,98,85.2477554107987,9.115968756449304,30.155063951191966,94.29812239838604,77.39081197661154
Independent_Learning,99,83.97692438909144,9.460212491692356,30.50347440166071,95.62552011013908,82.82949725521708
Independent_Learning,100,82.09147782957946,10.434587418265675,30.041271277987075,86.30698866839427,80.20155559808661
Standard_MAPPO,1,87.27917839274599,5.084002414808994,21.45994705803586,75.95162708230512,84.43006407765652
Standard_MAPPO,2,88.87796137615064,6.991840899745516,21.035604221356916,62.1530726101781,86.12883244908993
Standard_MAPPO,3,86.9134167405596,5.920516031151075,15.746609903397236,49.79986095969312,81.3567686313613
Standard_MAPPO,4,91.84465580616013,5.651089060569028,17.249903909990394,58.11221053343236,86.4640180415602
Standard_MAPPO,5,89.40239489633453,6.445372646784083,18.582939658405536,58.03178426222505,81.86514301101569
Standard_MAPPO,6,91.0745318806025,6.171296652241447,21.223205066170138,42.099233035938454,87.07527183922133
Standard_MAPPO,7,88.4120656213104,7.2864286231978195,17.36773475037546,67.62615097343595,85.95094407249374
Standard_MAPPO,8,87.64840967937977,6.63636896548197,16.964352273434056,77.71282470580888,86.2830156418372
Standard_MAPPO,9,90.39127329325208,5.837902910638467,18.2682864942338,69.79929286687751,79.21664314864046
Standard_MAPPO,10,88.29650140706762,6.669036751945718,15.095457682750872,77.63182646046563,82.72921202990821
Standard_MAPPO,11,90.04651468608098,5.626168075145887,20.35313479328532,71.10182424660626,87.14093489403895
Standard_MAPPO,12,92.1081402066216,6.826761845851494,19.526756951333635,57.590687053096836,87.60941270945256
Standard_MAPPO,13,86.7917305283881,5.980645084832128,21.111325827123054,70.94846153468036,88.2826634590619
Standard_MAPPO,14,89.39189314677046,5.354965513450452,18.074224786076357,68.79248391530426,83.42347743141194
Standard_MAPPO,15,92.2249071033801,6.076193694260143,14.592458100168333,71.13431572494702,81.43078695775262
Standard_MAPPO,16,92.7997846793219,6.335047102383503,14.69014680104981,76.03513461463216,90.22311637039563
Standard_MAPPO,17,85.3918878939249,6.651536754485477,20.352082741018553,68.80544237558793,85.15832105031754
Standard_MAPPO,18,90.38377132968427,5.853497582326428,23.13296951435333,56.60380671185564,89.19640842569953
Standard_MAPPO,19,92.45537443242931,5.606932476695095,18.88379960699857,78.75887189715456,83.0725139162379
Standard_MAPPO,20,89.07518291052544,5.998811301013591,22.40241842401698,62.538537975006015,84.27543601371259
Standard_MAPPO,21,90.48043080373645,6.096199143986312,16.30070542296231,56.667611181744114,80.5043589034857
Standard_MAPPO,22,87.04039149944288,5.339725223006443,16.719369636233086,69.80171844206852,84.43523842203923
Standard_MAPPO,23,87.74673383766944,5.6909905223085415,15.91983431124487,56.296815818471984,81.21030605562564
Standard_MAPPO,24,90.82872314754462,5.4976942465624115,18.951947545946275,62.4555691987987,90.36986121694453
Standard_MAPPO,25,85.8061439334508,6.296650427462859,17.898748218006766,61.23095708416064,85.08803238573036
Standard_MAPPO,26,89.71116923454905,5.665547417961881,20.178832076527836,70.51334862935212,87.57367430811114
Standard_MAPPO,27,88.18005757342516,6.935222219072775,18.309547925107935,51.59190119181912,85.60773950181131
Standard_MAPPO,28,89.2368195864733,5.758824522031819,21.69972103155263,63.626973725894,86.84221401925062
Standard_MAPPO,29,89.234597744773,6.575160867904342,20.938433283452056,71.18534332411623,81.71989142706887
Standard_MAPPO,30,91.23942595432067,6.210880862513856,24.906782320937396,71.22935906636052,86.1778155850613
Standard_MAPPO,31,87.87021408895957,5.996929207201207,19.19015398298799,58.0361916651704,81.37430657521439
Standard_MAPPO,32,89.18283448419976,6.161064400535298,19.506224660485845,76.33683307203279,83.29915659463066
Standard_MAPPO,33,90.76175141811254,6.127682331776023,18.31796425638731,69.45654441750314,79.13067932117605
Standard_MAPPO,34,89.53271372901469,5.880871262729523,16.110484382321303,52.30406866102238,83.19277227258235
Standard_MAPPO,35,85.64512785625386,6.635061579680807,18.18207804215086,53.94342579100666,82.61618781317331
Standard_MAPPO,36,90.90990750398768,5.902558266592385,18.056346581467206,64.44653428663487,83.97930973847357
Standard_MAPPO,37,86.00046591309997,6.177270161028595,17.225721911364833,91.03023411311946,83.76747905011459
Standard_MAPPO,38,88.48875081551884,6.694238503501828,18.431903491484494,69.42673752598205,82.11471008365552
Standard_MAPPO,39,92.51045614089261,5.886162662290404,20.02605084785811,76.45886024705796,83.5387376896216
Standard_MAPPO,40,89.39970190027023,6.493256683606543,20.94804574038721,58.679216120090636,84.75370807480336
Standard_MAPPO,41,87.50926192883453,5.827314896957717,16.954826470247824,77.12782280057827,88.2914433353025
Standard_MAPPO,42,94.61090518775933,6.171724790809922,16.37577935449177,59.64414583207866,88.31870197246117
Standard_MAPPO,43,86.3232436016897,6.041515720758397,17.201810862396588,81.39996219204902,81.76663975260513
Standard_MAPPO,44,91.60332667451954,6.85667653714843,18.399689920370715,71.1239623581159,80.45321417148114
Standard_MAPPO,45,89.22358437634776,6.092486472280852,11.161252065444376,70.72301574788345,85.18791604204043
Standard_MAPPO,46,86.01324789959696,5.493862085345294,16.652132563891307,63.16654574166094,83.53408526023773
Standard_MAPPO,47,87.4837515377071,5.696071434626507,19.8195397314024,63.59801568749644,84.03299849155648
Standard_MAPPO,48,88.94064026210722,6.428600155052968,18.43717535405066,74.2923157531794,84.55749632016129
Standard_MAPPO,49,91.17806859694079,6.823541112502561,14.518573630915313,74.77596097132779,88.75705537100151
Standard_MAPPO,50,87.4549417440844,6.184064646249678,17.828387717620522,70.92667145655692,85.59997968245261
Standard_MAPPO,51,88.06140879551897,6.85627826118445,16.329957564937168,66.29344837040824,86.85898070891557
Standard_MAPPO,52,93.30687578393895,5.943672378759801,21.246883835902835,69.16033363772436,80.34389085038333
Standard_MAPPO,53,87.48962348171177,5.597614616232151,17.39004883438752,64.06569468676824,84.36987198438878
Standard_MAPPO,54,91.9553878627524,6.411238090236281,26.859187968182617,65.45257646674847,86.273132303405
Standard_MAPPO,55,90.2288233893887,6.953283346289309,17.763851834711332,74.16206277166602,88.37268189287339
Standard_MAPPO,56,87.95837430743298,6.16256416919067,20.41291891850814,63.92176439561814,82.11188983411185
Standard_MAPPO,57,93.06546599172908,6.085174947794708,24.102279274713908,63.33259747012839,83.78227770613485
Standard_MAPPO,58,90.9942782926144,6.0969904267437975,16.203395569690745,61.64071053276116,84.98168089585657
Standard_MAPPO,59,88.0677719636315,6.244033876782725,12.12814244679386,62.93502179408075,83.84922060802074
Standard_MAPPO,60,88.37471658907705,5.703206690916635,16.24948626069583,67.96416712597099,88.01764881401714
Standard_MAPPO,61,86.60314731893467,6.061869895029704,21.83114880805725,70.07566283933741,84.0656065456231
Standard_MAPPO,62,88.49857479310697,6.206630942641902,18.59680764965876,49.90830590761357,82.51054192178174
Standard_MAPPO,63,85.50082216081103,6.845528263483241,21.367945519619894,61.094127264276395,86.31219441138909
Standard_MAPPO,64,94.29729498420323,5.888461769470644,22.79782532072067,70.30004093392932,83.70825195032229
Standard_MAPPO,65,87.1881789000525,5.922037473797215,17.715262451136116,48.87379495114344,85.62615467813258
Standard_MAPPO,66,88.75653741033162,6.429622108485127,17.642318321044474,91.38618194767565,80.15678841047476
Standard_MAPPO,67,87.53388109062553,6.552602721575932,25.97540322285044,59.46065040176272,88.87303723750848
Standard_MAPPO,68,87.56594118124873,6.846683561972427,19.126183646715276,85.23998832416626,88.75496316845468
Standard_MAPPO,69,88.1045546580557,7.667850732528625,15.527523415524852,64.89103445933667,88.8197578437189
Standard_MAPPO,70,87.93043378858768,5.8793243223692855,19.291891191915738,71.01989337199763,85.26795577549495
Standard_MAPPO,71,87.90860529562289,6.298446757887963,20.812276226073195,79.43192476850929,85.12040122052908
Standard_MAPPO,72,86.89404112350199,6.2142087486177555,17.038219282355715,77.95224726808456,80.11144375842849
Standard_MAPPO,73,90.51946627739535,5.667301848823845,22.71617137111724,73.56929698989306,84.84832785482602
Standard_MAPPO,74,90.40987742362879,6.03155996060982,20.927331877425058,67.00298654190362,86.1280100171117
Standard_MAPPO,75,89.5171525512957,4.959404257347331,17.359026947832756,79.53993960738217,87.93135053908946
Standard_MAPPO,76,89.60909824104407,6.136983210946834,17.894255583905924,72.44448723360435,85.74759431087166
Standard_MAPPO,77,87.44181632205715,6.530825072264593,22.59868983300435,59.761081428910046,83.83289666489416
Standard_MAPPO,78,90.32712968045657,6.561376483723032,17.638394699963886,63.17057928807029,83.14028663003
Standard_MAPPO,79,90.1704652384664,6.414559557595237,18.841747368371465,56.48620835659408,81.57503297020219
Standard_MAPPO,80,90.67364806706298,5.589455893445639,19.57907111399135,64.513619026391,82.79442873470317
Standard_MAPPO,81,89.4533969227308,7.03817604559571,19.766449746200596,65.03467418699452,80.61657101766025
Standard_MAPPO,82,90.42447681666252,6.768351676851277,20.72212814013937,76.72763285791959,85.49149544459378
Standard_MAPPO,83,86.793450381834,6.177525119575189,20.474603950307568,73.16809220374674,83.06730889917917
Standard_MAPPO,84,89.27326930861777,6.382934821141121,22.713879050390236,75.44191041431633,85.9157958014324
Standard_MAPPO,85,90.19244512536939,5.687359316604122,15.597120553071678,66.66516276330668,86.9039584576895
Standard_MAPPO,86,90.19070684696328,6.4805479676583015,14.395332263847598,55.70676994794904,87.09970956633745
Standard_MAPPO,87,89.33072314321149,5.5431560605178305,21.54650227865084,69.46428929072746,91.67866068626935
Standard_MAPPO,88,91.90000089466322,6.373348662315242,18.446671318849408,69.25836406509518,84.04336957297342
Standard_MAPPO,89,86.5224065703569,6.663761059860277,19.72457255248206,45.36234571895209,82.7111919371624
Standard_MAPPO,90,87.74251632178476,6.690445091334665,18.767834429695224,79.29925483653193,80.32120101575384
Standard_MAPPO,91,87.24842776701978,6.73354726336223,16.934335946047774,58.93094086703482,82.98332149334746
Standard_MAPPO,92,87.88035145564282,6.469663923645936,22.254502833470525,54.70464615094923,83.57305876451633
Standard_MAPPO,93,89.42848775948544,6.241096817286969,21.399766708983655,68.35877684918046,82.85049160753316
Standard_MAPPO,94,87.17621295811888,5.28764536431983,17.78666423268438,67.5152789997138,86.60431220272244
Standard_MAPPO,95,88.64446177691873,7.361852137127947,18.67056124182021,63.53324992473951,85.25148815470405
Standard_MAPPO,96,87.45888209072032,6.304454020670472,12.707709435045167,72.80875260728907,84.46669663981552
Standard_MAPPO,97,89.8211415650903,6.277404378999997,15.07873179271961,60.211028849448965,88.21606228272194
Standard_MAPPO,98,90.38919516095781,5.901368359889191,20.163241663703545,70.66168720561863,89.18621115838933
Standard_MAPPO,99,91.62070177173395,6.405584346988811,17.55244427371065,81.66951932109313,84.04612836972157
Standard_MAPPO,100,87.65897615539647,5.589876757039859,16.31281038585572,64.48731804666365,86.21350370779079
TFP_Baseline,1,88.92637084751789,7.875534891842701,21.858930084955578,79.85194024033531,87.3482889395922
TFP_Baseline,2,88.92057884104135,8.101441287268141,16.86808434672497,67.2656083948278,79.82221261080447
TFP_Baseline,3,81.7459315138437,7.336839136340782,25.577346978435422,68.91746496898669,82.18860557720986
TFP_Baseline,4,85.3918916064606,7.054136177568233,22.255929527554805,63.6337938249613,84.63508257773579
TFP_Baseline,5,83.26248161366566,7.461117044043151,19.925554681890617,85.11315796036602,83.60461272982351
TFP_Baseline,6,82.93168171735606,6.088801696508901,18.39593076823884,69.18218897907387,81.227482648352
TFP_Baseline,7,87.16049081672853,7.636798009057086,17.30202786076769,58.795626781583245,82.33115365751253
TFP_Baseline,8,86.37803797756311,7.248313333838686,19.47451046067219,71.81432988636236,85.41626725904922
TFP_Baseline,9,83.85345940973367,6.687234775800205,23.324804807555658,85.73926213279628,81.18587773168984
TFP_Baseline,10,84.57456828500368,6.299440027396165,22.1816273402313,63.20516622918592,87.13894731409479
TFP_Baseline,11,91.78320707181054,7.413150646606878,22.856385104791258,72.25669806039028,84.55448915311106
TFP_Baseline,12,87.09385904454372,7.331678376302156,25.48120978691304,78.20946015809015,87.0274532097927
TFP_Baseline,13,83.82634088818546,7.022208790960468,18.688281954676373,79.93423335460673,80.46602411824279
TFP_Baseline,14,88.30466397557755,6.7155060229383485,21.116976718896492,91.57596351802513,85.79592055364816
TFP_Baseline,15,83.3429361321585,7.482293232123459,23.87905876274237,69.25274075418191,78.9440492383329
TFP_Baseline,16,88.42397560896451,7.3504127150342695,23.057622605787188,71.93558851873964,87.52791295621711
TFP_Baseline,17,85.27231783802037,7.052000631323975,22.944656370112263,79.05393410926497,78.25321592307353
TFP_Baseline,18,89.69462542754034,6.570940777590476,21.419198800138464,70.7437869554291,79.93093797264551
TFP_Baseline,19,89.36650085924117,6.126473607863478,19.207651563082965,65.97788919245131,83.88724351703334
TFP_Baseline,20,90.20084263202715,7.687734386772405,25.585855066528506,55.403566258300366,82.10900029255981
TFP_Baseline,21,84.33393320766407,7.112517306188264,22.134014945916586,73.9569968105826,85.13938449193635
TFP_Baseline,22,83.14272931934174,6.882131775116294,16.958110043895186,60.0896736233869,84.21444859533906
TFP_Baseline,23,87.46483767609443,8.078306892221782,24.9556190129899,73.7452019754823,79.27595904726854
TFP_Baseline,24,89.08358358620228,6.954198467202759,17.801728553721226,63.996719122713024,82.00464278116851
TFP_Baseline,25,89.63105969290248,7.326304408489138,25.073285596872562,73.9307365401272,80.63387808285191
TFP_Baseline,26,92.54234747808965,8.210522264957865,21.990720939314414,66.54244217164637,77.67742637076795
TFP_Baseline,27,87.90271526194879,7.172244136145422,22.801002435514555,75.78432976831161,82.79069045360578
TFP_Baseline,28,89.38445522883515,7.457109937694834,19.229667901462264,67.0356115201187,83.15781716258849
TFP_Baseline,29,84.95634609125685,7.659171097785638,23.542580232155988,72.84893208675015,79.74644180841048
TFP_Baseline,30,83.54732253896915,6.7380175188434634,16.522210025290068,73.41336873869554,80.59428115710284
TFP_Baseline,31,85.25867692593948,7.736302735454137,21.78798365636068,73.58069542852412,83.0952919512057
TFP_Baseline,32,89.17290489228044,6.498588006242616,23.52003953967232,58.72850560556364,79.71404114740655
TFP_Baseline,33,89.12429115713222,7.6456112497378,23.394222687976942,74.65667924488618,85.23244139066503
TFP_Baseline,34,84.01839843093792,7.147422343342549,21.54204715480539,89.48228126510566,84.26637476543817
TFP_Baseline,35,89.17685532536372,6.919327242441468,28.14898466213982,76.97446687468357,79.18518892719808
TFP_Baseline,36,91.790718594174,6.586545895638718,18.79390074373831,71.32799139400787,79.24895065554429
TFP_Baseline,37,88.15442239256774,7.438381342983657,21.74052495040698,88.3504546535235,77.61507708157446
TFP_Baseline,38,89.83277153653398,6.8876740852124385,25.786491708957442,88.44171194549114,87.45388259689325
TFP_Baseline,39,86.71897143355923,6.718370265401609,22.383778294251766,72.77305145337245,77.29287653651335
TFP_Baseline,40,88.57108997692812,6.838661015299879,25.726026472724172,80.92130877071861,80.99665651989162
TFP_Baseline,41,87.17232872393896,7.178716380371086,20.027820094876382,97.98648525593102,79.35950779688005
TFP_Baseline,42,87.21067517700546,7.795735785248409,20.24698280648642,68.17165769707978,78.37724738147472
TFP_Baseline,43,89.48407066550175,7.656001497467852,22.809800841681085,61.129632997643704,82.958957096697
TFP_Baseline,44,87.67060881442502,7.130968112052474,17.269777612078062,72.74653913392025,79.5228948215488
TFP_Baseline,45,87.26006955112332,7.3316700316648795,20.38552520856672,80.25618770588706,81.53487360960342
TFP_Baseline,46,88.15817391218717,7.509201165885627,24.424519439571213,65.48752243421222,80.8367378838383
TFP_Baseline,47,88.94398901527686,7.376766417837595,24.7774157584638,79.16194236693339,80.58829980657421
TFP_Baseline,48,88.86102188055393,7.171257131104863,24.269813485710458,88.03011543851522,84.42898626727863
TFP_Baseline,49,91.67900183492917,6.524209032445464,19.754875478822825,71.06924329899701,80.69927364641777
TFP_Baseline,50,87.84489607905427,7.115945728559901,24.7183222742951,81.07808387927565,82.73368352777396
TFP_Baseline,51,85.07557342481415,7.573686889562881,23.422870046976854,76.03108344214785,81.7750177295224
TFP_Baseline,52,89.90066974606863,7.025809609650894,20.29990758435162,78.53644688928992,83.02697824518768
TFP_Baseline,53,88.80519505060329,7.157994611242174,17.455881769297417,63.29934289972195,80.61831821227295
TFP_Baseline,54,88.68485033176471,7.696132091578925,15.95226632567853,77.47116617467489,81.48193357400397
TFP_Baseline,55,85.01578825917838,8.39538751569532,22.191873659066065,79.81932180524343,88.1188135898439
TFP_Baseline,56,85.93776119223904,7.10160490335466,25.86704697738703,62.73863220255758,81.88491424072838
TFP_Baseline,57,87.19243017352821,7.785090518840217,22.616172678433728,65.89456105858869,84.13061581603303
TFP_Baseline,58,88.79029882487133,6.774497951893784,19.336590417422553,68.99354002553757,78.8266498048189
TFP_Baseline,59,89.22933360557009,7.138078604378101,20.566509448450624,64.89795415175377,80.71365285985333
TFP_Baseline,60,90.06990325954764,7.674144128518194,16.547808376205325,65.28234171238059,83.28900253823309
TFP_Baseline,61,86.10375579504026,7.023380220404179,18.818523540044648,62.551446968012314,81.93822343216485
TFP_Baseline,62,86.33945618301088,7.8701889351331795,21.199876179595574,65.47863089579172,83.4345137527407
TFP_Baseline,63,89.79229463223604,6.932131542850782,16.29227228686529,69.36827161608637,78.3252254662758
TFP_Baseline,64,90.383235546184,6.6061277197062065,20.416915425670663,84.98817320360973,83.8780313195531
TFP_Baseline,65,86.07267731877769,6.908467977411696,20.85551029229959,71.27875837960855,85.4409963846927
TFP_Baseline,66,86.7906692913621,6.625015083462328,24.35731895983383,81.49226313744644,81.13300992948565
TFP_Baseline,67,88.64425006898182,7.325623282193322,17.779605007649195,72.55140289178443,78.83830510884475
TFP_Baseline,68,85.83168984934066,6.830551126020969,22.398534619520365,74.69186960704853,78.40080160525386
TFP_Baseline,69,85.26028995523733,7.298653975876754,22.79310377189923,73.77792925950766,76.18301369157403
TFP_Baseline,70,89.67380990262326,8.186155844668244,26.151378059359388,77.55283159934098,83.37996471585426
TFP_Baseline,71,85.79161532233738,7.394289334179515,18.008112846098204,74.17408277370583,78.12576770201653
TFP_Baseline,72,88.27040353735715,7.122722014601235,23.70120654324987,74.6605900755754,80.55110163445127
TFP_Baseline,73,88.78665194743488,6.713297649662422,20.605442804488504,68.89964592836317,83.55993105279427
TFP_Baseline,74,86.94896946861006,7.435009373092801,22.97641307765319,54.43107618307634,79.38420461821069
TFP_Baseline,75,87.33185992063426,7.806237949785423,23.117763284606262,83.68612934447899,81.14594031997326
TFP_Baseline,76,87.30136090597136,7.050100500197991,20.09298323911022,66.55650518571862,80.34179851642011
TFP_Baseline,77,86.71906355688391,6.974222970200159,21.479724690503463,58.650927094041094,82.76983449971993
TFP_Baseline,78,87.45491368242104,7.523114392527865,20.0095091995004,69.13424233381112,84.15590234462587
TFP_Baseline,79,86.79099254262236,8.29327469177112,17.181646930756973,71.22108139415586,78.88156606609255
TFP_Baseline,80,85.52651083497868,6.905004192726505,19.95780316663117,79.46273688710252,78.84026487987269
TFP_Baseline,81,88.32002348331866,6.5795561224748935,20.183422984678526,83.75847494920363,82.85510697290835
TFP_Baseline,82,87.64456067098433,7.615052964061467,23.127925044513958,78.22404514641983,85.2091575900029
TFP_Baseline,83,85.02309127515976,7.26463038262482,23.311806621395124,79.19713828238442,83.09514477664247
TFP_Baseline,84,89.7130731588413,7.049502377270088,17.350839415333873,83.37909534602103,81.69799239629036
TFP_Baseline,85,86.00262719918933,7.317879799397506,20.103171373129783,81.24966380629056,83.92541639661796
TFP_Baseline,86,87.72346569364298,7.570434794233612,21.497822875720995,81.41207164196088,75.7917010267453
TFP_Baseline,87,84.76360975754423,7.280034734366536,20.159567834712202,65.5958756065714,83.2499213978065
TFP_Baseline,88,85.14323263478047,7.4086806348965135,21.772869129689287,73.66157572811659,79.62703800592327
TFP_Baseline,89,86.71366883370352,7.913468470472346,23.03057003421352,80.90270971183466,81.49979504536556
TFP_Baseline,90,83.69543379737941,7.066765912308916,20.947966179320222,83.61206529704964,84.53988468298209
TFP_Baseline,91,87.94969030888026,6.871736174449805,21.785341644518052,71.1061480571092,81.0912293573114
TFP_Baseline,92,84.63295579874283,7.531952326396656,21.31047171647899,79.6350545528908,78.04593408026774
TFP_Baseline,93,84.84603651458067,9.123136179555292,18.759849613580013,75.50066224930546,82.79438778910188
TFP_Baseline,94,85.13562892395588,8.163803553414771,21.20313965499328,74.39584032536821,86.24596583745006
TFP_Baseline,95,85.51795815343448,7.056179511103168,20.36346160440598,62.218828650753004,82.38959867121002
TFP_Baseline,96,88.04610783521105,7.391659979546754,23.367491055406802,80.12523261899157,82.54675701877699
TFP_Baseline,97,86.61711782647936,7.910208322411753,19.310008386534328,84.3708603444164,81.217609068906
TFP_Baseline,98,88.62960553402966,8.213275988511693,14.605607110769448,71.66191696885078,80.69012909620399
TFP_Baseline,99,90.51477304841166,7.096588798244336,29.587058505570923,60.976776771150085,82.57376386987332
TFP_Baseline,100,86.32739626082062,7.552545166703189,19.704568912391736,69.59174485521005,77.14292990645932
H_MAPPO_Ours,1,94.91634734282692,3.351038991357476,8.370993147128953,46.49496061837846,90.89662710091748
H_MAPPO_Ours,2,96.75417986645274,3.4234351995989933,13.563036085748845,48.38000114911367,90.44407204536849
H_MAPPO_Ours,3,93.09272909237868,4.060453794768517,14.95195771749773,42.80995405777869,93.31823753982314
H_MAPPO_Ours,4,94.15238366330931,4.962397783910909,12.380410502321556,44.39566096852919,87.17293011686928
H_MAPPO_Ours,5,91.84569641921588,4.2906451316370315,11.617650492970848,48.05021286620631,89.48839525493659
H_MAPPO_Ours,6,94.39912363456112,3.7881525997414385,13.185595837232356,44.05468733447627,95.86162899414252
H_MAPPO_Ours,7,93.32384568583669,4.65940488007053,9.136521122965657,42.077342581036746,89.0961403242275
H_MAPPO_Ours,8,97.2192744637257,4.318494713193548,12.711519501297058,47.67563969558636,88.48907912083801
H_MAPPO_Ours,9,97.50582600632553,4.7947644411956585,12.197100674224137,45.90608540885494,92.82283887718906
H_MAPPO_Ours,10,94.34949140684017,3.999911746955896,10.82158659017238,43.032874167717374,90.00984967766529
H_MAPPO_Ours,11,96.15970593623646,3.935851608650654,11.014906439917207,40.78542075298155,87.4512582286101
H_MAPPO_Ours,12,97.82036347418536,4.354298020022389,14.899502278817378,41.56081999493458,94.84300144175229
H_MAPPO_Ours,13,94.99040561087648,4.826318244184964,12.259879573475661,45.44268212943314,89.88011368875375
H_MAPPO_Ours,14,94.85497384408727,4.212492048580275,16.778089415803414,58.11770333318643,91.42486710511567
H_MAPPO_Ours,15,97.13807685804413,2.7411743209091477,10.889122745636106,47.79769122371841,93.41780409682357
H_MAPPO_Ours,16,95.54620183065568,4.071973415473619,10.915507079757717,39.401874414442815,95.95490105704731
H_MAPPO_Ours,17,96.94445156027533,4.753888573594487,12.331817472074182,41.524245274065635,92.58673544973887
H_MAPPO_Ours,18,94.65075710209356,4.035961186457796,12.225431140891237,40.73638986432095,89.02146151357057
H_MAPPO_Ours,19,94.21519087896729,3.407289158735998,14.094749299807786,52.508406038464074,89.27615253856024
H_MAPPO_Ours,20,91.04514012702118,4.296789763652574,13.015297376662895,45.96405629810554,87.86392977321435
H_MAPPO_Ours,21,90.86451907711118,4.955779681992479,11.650776118419598,49.835193206394955,91.02312554323417
H_MAPPO_Ours,22,95.52708021045652,3.460867011650717,10.962871719798924,34.95709529028812,88.48211774348326
H_MAPPO_Ours,23,93.2819601192729,3.196725254193058,10.916402041763654,40.112888858921664,88.23446275163143
H_MAPPO_Ours,24,94.4343217936194,4.094329658257158,9.789079451583989,61.89577191485067,92.99551853420732
H_MAPPO_Ours,25,96.94331314783904,3.935808339484784,14.980798269181648,51.92460111493059,88.6537324480007
H_MAPPO_Ours,26,93.33558013649339,5.557611157930427,11.066346955939219,49.69488960251846,90.66349594978101
H_MAPPO_Ours,27,96.362794362802,3.602707343922021,9.284122810961513,54.87472488191484,91.69633107484442
H_MAPPO_Ours,28,89.7447582471215,4.11170717529511,11.754096880213377,51.485345871033005,92.00263526619703
H_MAPPO_Ours,29,95.38439343253178,4.143732245757481,13.1714062594768,36.57901163416754,89.16275069675494
H_MAPPO_Ours,30,92.99537913323039,3.4294202294415452,14.664761664323844,54.420671426599554,92.73498852992037
H_MAPPO_Ours,31,93.49753618210454,3.8314359486068574,10.980376229055803,54.70318602578796,92.51656958164878
H_MAPPO_Ours,32,98.1778205135756,3.6152111714366932,11.623091896836417,35.71456084149281,87.65689554731017
H_MAPPO_Ours,33,94.38948032227349,3.932147005639444,10.761549042769063,33.522209742685966,91.69192447918823
H_MAPPO_Ours,34,94.13226071601136,4.557432754584167,13.951507563369411,35.306066378245035,92.18922968976675
H_MAPPO_Ours,35,93.5022635363447,4.8662528532340215,12.211234782330958,41.77189254309718,90.18364708938611
H_MAPPO_Ours,36,91.69820562382478,4.737228352175849,18.65806457709789,31.961624885697873,90.57051759136206
H_MAPPO_Ours,37,94.47919066532316,3.8028615055560135,15.95260975391897,55.779512840611254,90.5866410592287
H_MAPPO_Ours,38,98.84256439729108,4.116385401449684,11.57428758262867,48.038428956164026,89.3349177524776
H_MAPPO_Ours,39,97.6062659024664,4.408318124509641,11.235162047214205,44.31585035640932,88.93056964921772
H_MAPPO_Ours,40,95.22501869496122,3.4531810230071494,12.309509833918247,41.66235668335876,92.61763961297696
H_MAPPO_Ours,41,96.78513657518293,4.4934690460480375,11.932288270644111,40.12300972918178,90.45084469954809
H_MAPPO_Ours,42,94.6667343384464,4.343959359834657,10.595475808685572,38.06176592190538,91.63356668489159
H_MAPPO_Ours,43,97.41760441498876,5.0361623013432855,14.679599345996023,37.87788879499929,94.7214826769814
H_MAPPO_Ours,44,93.00867959176864,3.7147140283968247,13.582832130945599,34.757397782138625,93.20420046464253
H_MAPPO_Ours,45,94.59274155919825,4.29956143479986,9.829712548540328,52.5714188658087,92.482809039488
H_MAPPO_Ours,46,93.97334320161502,4.572640639694063,4.319141774560112,48.69849209331873,90.93115583332256
H_MAPPO_Ours,47,93.11000224861394,4.1886047163675215,13.799402322293522,39.904300933095485,90.90118373744512
H_MAPPO_Ours,48,94.61716018175709,4.29644579192523,15.980323851154477,42.08840078042569,94.49229468344922
H_MAPPO_Ours,49,92.0915560991888,4.250388548589283,7.141173877195785,46.37421613302646,93.0056356905707
H_MAPPO_Ours,50,98.74593850694694,4.124678349191877,10.05505548935519,54.011967754739835,91.30289309205573
H_MAPPO_Ours,51,94.89667572026642,4.55850890175497,15.578250425944377,31.942967510356468,91.32887497228104
H_MAPPO_Ours,52,94.66720857657442,3.565215008488834,7.428300890768032,45.26523047128341,90.04066957390746
H_MAPPO_Ours,53,93.25060381531001,4.0313158487066705,11.246927448596626,45.94076340213176,95.14197755409515
H_MAPPO_Ours,54,94.6397420028754,5.040185135697057,16.032296008047787,53.54066376621417,89.37873920715846
H_MAPPO_Ours,55,94.11312972430171,3.6401376686031295,13.547624737892695,45.263510624332724,92.30424535675706
H_MAPPO_Ours,56,95.30504895308283,4.183923483826371,11.229273179371104,38.016067167658434,90.09578696648269
H_MAPPO_Ours,57,96.13323240585798,4.0180587613218135,12.119925497278972,52.7424879979539,92.41894082282852
H_MAPPO_Ours,58,91.75038431866113,4.059793524953334,9.68611621442941,45.36653473405308,92.1756778668465
H_MAPPO_Ours,59,95.71882967730441,4.9318922981383935,10.797549343746855,43.440451490352004,92.6350699815355
H_MAPPO_Ours,60,96.62397210791845,3.584287914453281,14.36015144058861,51.12383163952533,90.82410836358291
H_MAPPO_Ours,61,94.13779624859109,4.466323922562496,13.581510165758646,49.00562394107444,89.37051729080709
H_MAPPO_Ours,62,91.25539350443431,4.052998396965942,11.486703349861969,49.465185625708216,89.28871756958208
H_MAPPO_Ours,63,95.96939400228725,4.304804539948114,10.079612300365298,53.36023155342324,90.34270877225995
H_MAPPO_Ours,64,93.30706165584908,4.225433563457149,12.255861717504045,38.559572918573515,92.75034811359707
H_MAPPO_Ours,65,94.68169057624411,3.7208933582254518,7.0381024529435,49.211339031678044,91.44755950596789
H_MAPPO_Ours,66,94.93876558268158,4.788412237948888,4.828155503329078,55.953658522758346,94.60949740293839
H_MAPPO_Ours,67,92.73984820669331,4.6073373634425785,9.864119669843445,37.45995352705309,90.94651113216676
H_MAPPO_Ours,68,98.35530255504266,4.280833708581099,12.449554222216879,52.88542630560245,89.64375574907459
H_MAPPO_Ours,69,97.69502913175629,4.8853102978151,13.587631136626127,39.493860848226596,93.8800386884619
H_MAPPO_Ours,70,95.28938406655517,4.421832142268247,15.709701026063176,49.291478144706275,88.94365616724956
H_MAPPO_Ours,71,97.6806425089306,4.239636441683992,13.272472373177829,50.72076025909189,91.97933247505533
H_MAPPO_Ours,72,96.19589665657861,4.1987293379373085,11.767231613668297,41.398535326053256,89.92168665840734
H_MAPPO_Ours,73,94.12366459753659,4.59471949858299,11.289320977697429,44.911383278163036,90.94734465160398
H_MAPPO_Ours,74,95.76773529231357,4.4244905166813755,18.223337109832038,34.655493334724795,90.63012590945429
H_MAPPO_Ours,75,95.84604545969843,3.257439014457607,17.524021416718412,44.87113281374629,89.21500516264376
H_MAPPO_Ours,76,96.64150929718745,3.000996195897895,12.936719292102286,37.868008868196966,91.16272360376598
H_MAPPO_Ours,77,95.44811564412718,4.496266058482803,13.533983317467444,62.49111361254985,91.35494289907457
H_MAPPO_Ours,78,94.0161447505002,4.713059187765016,12.104088820466755,49.145715045687055,81.35681351762884
H_MAPPO_Ours,79,95.6064863187647,4.062616115052824,10.995297620980391,40.54923068839172,93.45787842845972
H_MAPPO_Ours,80,90.61666345793424,5.674582131529664,15.762362224933785,48.75841996380111,95.95093534516397
H_MAPPO_Ours,81,95.24931105466582,3.652515761978909,15.3812420105676,32.711701697231064,92.70016357961258
H_MAPPO_Ours,82,97.0962019305416,4.367482931380957,7.946384446073714,47.4409453439996,90.89228085083678
H_MAPPO_Ours,83,93.21557784443414,2.944010627878907,8.743502596169105,41.79412920373332,94.0138836964861
H_MAPPO_Ours,84,100.20630982077338,4.52839477427462,9.93522320126573,42.43169983835982,93.90546749341958
H_MAPPO_Ours,85,95.92758116550041,4.295458563187497,13.014276976600634,55.39433606175219,96.78986214503502
H_MAPPO_Ours,86,94.71920480244628,4.179389888377501,13.813257887872906,42.10274234638591,85.71842995982017
H_MAPPO_Ours,87,95.6874613396044,3.7332104599320317,16.24980933931803,47.259422241064826,94.94356055890668
H_MAPPO_Ours,88,92.9848822324095,4.665595405198207,7.405106916085951,53.30132665279071,90.60688523830103
H_MAPPO_Ours,89,96.57486324514221,3.9209431893525166,14.347394790963705,49.82107386681316,92.15788756742138
H_MAPPO_Ours,90,95.58535797010487,4.9402179477462855,10.616104543281535,57.02729730496688,90.31470403974046
H_MAPPO_Ours,91,97.11389879604081,5.26986007424026,9.905034468600528,28.55173752796485,91.60931441807686
H_MAPPO_Ours,92,93.31662092976036,3.836759647766262,11.312209414629535,41.52969202227775,94.777509349349
H_MAPPO_Ours,93,96.95078384862192,4.6795512842214535,19.23640523545284,39.63382806340039,84.95804635831223
H_MAPPO_Ours,94,98.74709782511017,4.225236458936379,12.132949602317517,31.376681887079926,87.82076104655839
H_MAPPO_Ours,95,96.08380599076789,4.028428714082197,5.841388869431367,38.27615669442187,93.82282912318497
H_MAPPO_Ours,96,97.2573430227069,4.207078573401203,20.801990931711725,54.0137988321096,95.72566277553503
H_MAPPO_Ours,97,97.36658729597985,4.515619153928934,8.282394855554266,32.99712383266483,89.34662587037388
H_MAPPO_Ours,98,95.21671425897057,4.10054048306267,13.424113340413008,45.64001681498372,92.39440351111503
H_MAPPO_Ours,99,96.67509758937902,4.103974846283795,11.436044955406524,24.829649952866138,93.38054193225136
H_MAPPO_Ours,100,93.15332624814906,3.6454286748130644,14.903062141754994,53.1475372746619,92.89991447823655
